{
  "train_loss": [
    2.5971881574200046,
    1.9901525333363523,
    1.7077153613490443,
    1.4805142443667176,
    1.3589596556079002,
    1.2090319946248045,
    1.0869788303170154,
    1.065484441736693,
    0.9455532828966776,
    0.9303321261559764,
    0.9027321966745521,
    0.8232205087138761,
    0.7838455688568854,
    0.7460457304472564,
    0.7584779352270147,
    0.759122174273255,
    0.7051283505655104,
    0.7101752924662764,
    0.7225581804911295,
    0.6800478741686832,
    0.6680745424762848,
    0.7089931259873092,
    0.6580307310627352,
    0.685972568168435,
    0.656784043517164,
    0.6326008926155746,
    0.6256669445704388,
    0.6312105162169344,
    0.6460963635034459,
    0.6269078453381857,
    0.6337235787863372,
    0.5966571556624546,
    0.6196138044839264,
    0.6212176488291833,
    0.6058839328827397,
    0.6061868962421212,
    0.6280853876503565,
    0.6048017535158383,
    0.5995233475521047,
    0.6136738068314009,
    0.5879945838323204,
    0.6018214917952015,
    0.5794662179485444,
    0.602196378092612,
    0.5900220717153242,
    0.6050561140942318,
    0.5833911024114137,
    0.5829028717933162,
    0.5822220220360704,
    0.599982609031021,
    0.5774221125469413,
    0.5962933340380269,
    0.580523423610195
  ],
  "train_acc": [
    0.16129032258064516,
    0.3978494623655914,
    0.4838709677419355,
    0.7204301075268817,
    0.7741935483870968,
    0.8279569892473119,
    0.8709677419354839,
    0.8064516129032258,
    0.9139784946236559,
    0.9032258064516129,
    0.8709677419354839,
    0.956989247311828,
    0.946236559139785,
    0.978494623655914,
    0.967741935483871,
    0.978494623655914,
    0.989247311827957,
    0.967741935483871,
    0.967741935483871,
    1.0,
    0.989247311827957,
    0.978494623655914,
    0.989247311827957,
    0.956989247311828,
    0.989247311827957,
    1.0,
    0.989247311827957,
    1.0,
    0.978494623655914,
    0.989247311827957,
    0.989247311827957,
    1.0,
    1.0,
    0.989247311827957,
    0.989247311827957,
    1.0,
    0.978494623655914,
    1.0,
    1.0,
    0.989247311827957,
    1.0,
    1.0,
    1.0,
    0.989247311827957,
    1.0,
    1.0,
    1.0,
    1.0,
    1.0,
    1.0,
    1.0,
    0.989247311827957,
    1.0
  ],
  "val_loss": [
    8.74293327331543,
    4.132653713226318,
    2.7775444984436035,
    2.2028141021728516,
    1.879364252090454,
    1.7044223546981812,
    1.5669063329696655,
    1.4597129821777344,
    1.3715368509292603,
    1.3047840595245361,
    1.234008550643921,
    1.153128981590271,
    1.0807113647460938,
    1.0187214612960815,
    0.9700726866722107,
    0.9294998645782471,
    0.9019591808319092,
    0.8682205080986023,
    0.8457086086273193,
    0.8241125345230103,
    0.8083356022834778,
    0.7990188002586365,
    0.7922047972679138,
    0.790735125541687,
    0.7855405807495117,
    0.7796961665153503,
    0.7750433087348938,
    0.7615185379981995,
    0.7495757341384888,
    0.7401061058044434,
    0.7364073395729065,
    0.7303793430328369,
    0.7344431281089783,
    0.7304511070251465,
    0.7280561327934265,
    0.7177420854568481,
    0.706037163734436,
    0.7028762698173523,
    0.7082254886627197,
    0.7140017151832581,
    0.7080554962158203,
    0.7036804556846619,
    0.6946526765823364,
    0.6955100297927856,
    0.7334768772125244,
    0.796972930431366,
    0.8188023567199707,
    0.797796905040741,
    0.7659676671028137,
    0.7513005137443542,
    0.7609208226203918,
    0.7453120946884155,
    0.7220759391784668
  ],
  "val_acc": [
    0.1388888888888889,
    0.16666666666666666,
    0.3055555555555556,
    0.3888888888888889,
    0.5277777777777778,
    0.5833333333333334,
    0.6666666666666666,
    0.7222222222222222,
    0.75,
    0.7777777777777778,
    0.8055555555555556,
    0.8055555555555556,
    0.8611111111111112,
    0.9166666666666666,
    0.9722222222222222,
    0.9722222222222222,
    0.9722222222222222,
    0.9722222222222222,
    0.9722222222222222,
    0.9722222222222222,
    0.9722222222222222,
    1.0,
    1.0,
    1.0,
    1.0,
    1.0,
    1.0,
    1.0,
    1.0,
    1.0,
    0.9722222222222222,
    0.9722222222222222,
    0.9444444444444444,
    0.9444444444444444,
    0.9444444444444444,
    0.9444444444444444,
    0.9722222222222222,
    0.9444444444444444,
    0.9444444444444444,
    0.9444444444444444,
    0.9444444444444444,
    0.9444444444444444,
    0.9444444444444444,
    1.0,
    0.9722222222222222,
    0.9722222222222222,
    0.9722222222222222,
    0.9722222222222222,
    0.9722222222222222,
    0.9722222222222222,
    0.9722222222222222,
    0.9722222222222222,
    0.9722222222222222
  ],
  "lr": [
    0.0003,
    0.0003,
    0.0003,
    0.0003,
    0.0003,
    0.0003,
    0.0003,
    0.0003,
    0.0003,
    0.0003,
    0.0003,
    0.0003,
    0.0003,
    0.0003,
    0.0003,
    0.0003,
    0.0003,
    0.0003,
    0.0003,
    0.0003,
    0.0003,
    0.0003,
    0.0003,
    0.0003,
    0.0003,
    0.0003,
    0.0003,
    0.0003,
    0.0003,
    0.0003,
    0.0003,
    0.0003,
    0.0003,
    0.0003,
    0.0003,
    0.0003,
    0.0003,
    0.0003,
    0.0003,
    0.0003,
    0.0003,
    0.0003,
    0.0003,
    0.0003,
    0.0003,
    0.0003,
    0.0003,
    0.0003,
    5.9999999999999995e-05,
    5.9999999999999995e-05,
    5.9999999999999995e-05,
    5.9999999999999995e-05,
    5.9999999999999995e-05
  ]
}