{
  "train_loss": [
    2.7311342813635386,
    2.2612087752229426,
    1.910190059292701,
    1.741032479911722,
    1.5047915635570404,
    1.3715345577527118,
    1.261215979053128,
    1.1664076953805902,
    1.0568435262608271,
    1.010197090846236,
    0.9601976499762587,
    0.9292459340505702,
    0.9373017126514066,
    0.8589919702981108,
    0.8395501247016333,
    0.823193302718542,
    0.8042245411103771,
    0.7854571079695096,
    0.7444050876043176,
    0.7404318368563088,
    0.7405114846844827,
    0.7130271439911217,
    0.7001873690594909,
    0.6946330596041935,
    0.7143150792326979,
    0.6985540377196445,
    0.70098465488803,
    0.7050010042805825,
    0.6403673553979525,
    0.6657322401641518,
    0.667445340464192,
    0.6658733743493275,
    0.6331664413534185,
    0.6681485669587248,
    0.6429974596987489,
    0.6733052589560068,
    0.6590463237095905,
    0.6366665164629618,
    0.681710902080741,
    0.6479382252180448,
    0.6100996117438039,
    0.6224520834543372,
    0.6160021123065743,
    0.6332559085661366,
    0.6456940276648409,
    0.6141261464806014,
    0.6307930049075875,
    0.6251543632117651,
    0.6172168498398155,
    0.6032511720093348
  ],
  "train_acc": [
    0.0967741935483871,
    0.3010752688172043,
    0.44086021505376344,
    0.6021505376344086,
    0.6666666666666666,
    0.7096774193548387,
    0.7419354838709677,
    0.8279569892473119,
    0.8709677419354839,
    0.8924731182795699,
    0.9032258064516129,
    0.8817204301075269,
    0.9032258064516129,
    0.8817204301075269,
    0.8924731182795699,
    0.9354838709677419,
    0.9247311827956989,
    0.946236559139785,
    0.956989247311828,
    0.9247311827956989,
    0.9139784946236559,
    0.978494623655914,
    0.946236559139785,
    0.956989247311828,
    0.967741935483871,
    0.956989247311828,
    0.9354838709677419,
    0.978494623655914,
    1.0,
    0.978494623655914,
    0.967741935483871,
    0.978494623655914,
    1.0,
    0.978494623655914,
    1.0,
    0.956989247311828,
    0.989247311827957,
    0.978494623655914,
    0.967741935483871,
    0.989247311827957,
    1.0,
    1.0,
    1.0,
    0.989247311827957,
    0.989247311827957,
    0.989247311827957,
    0.989247311827957,
    0.989247311827957,
    0.989247311827957,
    1.0
  ],
  "val_loss": [
    2.4752347469329834,
    2.466069221496582,
    2.4585750102996826,
    2.4514102935791016,
    2.445509910583496,
    2.4380602836608887,
    2.4310004711151123,
    2.4196269512176514,
    2.4081883430480957,
    2.3902196884155273,
    2.3688223361968994,
    2.3469276428222656,
    2.3156802654266357,
    2.284407138824463,
    2.2401344776153564,
    2.198040008544922,
    2.138908624649048,
    2.0756595134735107,
    1.992849349975586,
    1.9186122417449951,
    1.827452540397644,
    1.7257030010223389,
    1.6262240409851074,
    1.5228636264801025,
    1.4157178401947021,
    1.3257744312286377,
    1.2541120052337646,
    1.187941074371338,
    1.1342413425445557,
    1.0859596729278564,
    1.0479753017425537,
    1.0240789651870728,
    1.0086696147918701,
    0.9960263967514038,
    0.9911171793937683,
    0.987364649772644,
    0.9872785806655884,
    0.988512396812439,
    0.9864485859870911,
    0.9863005876541138,
    0.9898718595504761,
    1.0020173788070679,
    1.007902979850769,
    1.01008141040802,
    1.0218632221221924,
    1.0221798419952393,
    1.0230317115783691,
    1.0247200727462769,
    1.0254311561584473,
    1.0300859212875366
  ],
  "val_acc": [
    0.16666666666666666,
    0.08333333333333333,
    0.08333333333333333,
    0.08333333333333333,
    0.19444444444444445,
    0.25,
    0.25,
    0.25,
    0.2222222222222222,
    0.25,
    0.25,
    0.25,
    0.25,
    0.25,
    0.25,
    0.25,
    0.25,
    0.25,
    0.3055555555555556,
    0.3055555555555556,
    0.3055555555555556,
    0.4444444444444444,
    0.4722222222222222,
    0.4722222222222222,
    0.4722222222222222,
    0.6944444444444444,
    0.7777777777777778,
    0.7777777777777778,
    0.8055555555555556,
    0.8055555555555556,
    0.8055555555555556,
    0.8055555555555556,
    0.8055555555555556,
    0.8055555555555556,
    0.8333333333333334,
    0.8333333333333334,
    0.8333333333333334,
    0.8333333333333334,
    0.8333333333333334,
    0.8333333333333334,
    0.8333333333333334,
    0.8333333333333334,
    0.8611111111111112,
    0.8333333333333334,
    0.8333333333333334,
    0.8333333333333334,
    0.8333333333333334,
    0.8333333333333334,
    0.8333333333333334,
    0.8333333333333334
  ],
  "lr": [
    0.0003,
    0.0003,
    0.0003,
    0.0003,
    0.0003,
    0.0003,
    0.0003,
    0.0003,
    0.0003,
    0.0003,
    0.0003,
    0.0003,
    0.0003,
    0.0003,
    0.0003,
    0.0003,
    0.0003,
    0.0003,
    0.0003,
    0.0003,
    0.0003,
    0.0003,
    0.0003,
    0.0003,
    0.0003,
    0.0003,
    0.0003,
    0.0003,
    0.0003,
    0.0003,
    0.0003,
    0.0003,
    0.0003,
    0.0003,
    0.0003,
    0.0003,
    0.0003,
    0.0003,
    0.0003,
    0.0003,
    0.0003,
    0.0003,
    0.0003,
    0.0003,
    0.0003,
    5.9999999999999995e-05,
    5.9999999999999995e-05,
    5.9999999999999995e-05,
    5.9999999999999995e-05,
    5.9999999999999995e-05
  ]
}